Workbook

Sheet Meal
D1: Scholars Den Meal Management System
D2: Eating Meal
D3: 45778
D4: Date | E4: Siam | F4: Moynul | G4: Towhid | H4: Shovon | I4: Shawon | J4: Rasel | K4: Maruf | L4: Name8 | M4: Name9 | N4: Name10
D5: 45778 | E5: 0 | F5: 0 | G5: 0 | H5: 0 | I5: 0 | J5: 0 | K5: 0 | L5: 0 | M5: 0 | N5: 0
D6: 45779 | E6: 0 | F6: 0 | G6: 0 | H6: 0 | I6: 0 | J6: 0 | K6: 0 | L6: 0 | M6: 0 | N6: 0
D7: 45780 | E7: 0 | F7: 0 | G7: 0 | H7: 0 | I7: 0 | J7: 0 | K7: 0 | L7: 0 | M7: 0 | N7: 0
D8: 45781 | E8: 0 | F8: 0 | G8: 0 | H8: 0 | I8: 0 | J8: 0 | K8: 0 | L8: 0 | M8: 0 | N8: 0
D9: 45782 | E9: 0 | F9: 0 | G9: 0 | H9: 0 | I9: 0 | J9: 0 | K9: 0 | L9: 0 | M9: 0 | N9: 0
D10: 45783 | E10: 0 | F10: 0 | G10: 0 | H10: 0 | I10: 0 | J10: 0 | K10: 0 | L10: 0 | M10: 0 | N10: 0
D11: 45784 | E11: 0 | F11: 0 | G11: 0 | H11: 0 | I11: 0 | J11: 0 | K11: 0 | L11: 0 | M11: 0 | N11: 0
D12: 45785 | E12: 0 | F12: 0 | G12: 0 | H12: 0 | I12: 0 | J12: 0 | K12: 0 | L12: 0 | M12: 0 | N12: 0
D13: 45786 | E13: 0 | F13: 0 | G13: 0 | H13: 0 | I13: 0 | J13: 0 | K13: 0 | L13: 0 | M13: 0 | N13: 0
D14: 45787 | E14: 0 | F14: 0 | G14: 0 | H14: 0 | I14: 0 | J14: 0 | K14: 0 | L14: 0 | M14: 0 | N14: 0
D15: 45788 | E15: 0 | F15: 0 | G15: 0 | H15: 0 | I15: 0 | J15: 0 | K15: 0 | L15: 0 | M15: 0 | N15: 0
D16: 45789 | E16: 0 | F16: 0 | G16: 0 | H16: 0 | I16: 0 | J16: 0 | K16: 0 | L16: 0 | M16: 0 | N16: 0
... D35: 45808 | E35: 0 | F35: 0 | G35: 0 | H35: 0 | I35: 0 | J35: 0 | K35: 0 | L35: 0 | M35: 0 | N35: 0
D36: Total Meal | E36: =SUM(E5:E35) -> 0 | F36: =SUM(F5:F35) -> 0 | G36: =SUM(G5:G35) -> 0 | H36: =SUM(H5:H35) -> 0 | I36: =SUM(I5:I35) -> 0 | J36: =SUM(J5:J35) -> 0 | K36: =SUM(K5:K35) -> 0 | L36: =SUM(L5:L35) -> 0 | ... N36: =SUM(N5:N35) -> 0
D37: Sub Total | E37: =SUM(E36:N36) -> 0

Sheet Shopping Expense
D1: Scholars Den Meal Management System
D2: Shopping Expense
D3: 45778
D4: Date | E4: Siam | F4: Moynul | G4: Towhid | H4: Shovon | I4: Shawon | J4: Rasel | K4: Maruf | L4: Name8 | M4: Name9 | N4: Name10
D5: 45778 | E5: 0
D6: 45779 | E6: 0
D7: 45780 | E7: 0
D8: 45781 | E8: 0
D9: 45782 | E9: 0
D10: 45783 | E10: 0
D11: 45784 | E11: 0
D12: 45785 | E12: 0
D13: 45786 | E13: 0
D14: 45787 | E14: 0
D15: 45788 | E15: 0
D16: 45789 | E16: 0
... D29: 45802 | E29: 0
D30: 45803
D31: 45804
D32: 45805
D33: 45806
D34: 45807
D35: 45808
D36: Total Expense | E36: =SUM(E5:E35) -> 0 | F36: =SUM(F5:F35) -> 0 | G36: =SUM(G5:G35) -> 0 | H36: =SUM(H5:H35) -> 0 | I36: =SUM(I5:I35) -> 0 | J36: =SUM(J5:J35) -> 0 | K36: =SUM(K5:K35) -> 0 | L36: =SUM(L5:L35) -> 0 | ... N36: =SUM(N5:N35) -> 0
D37: Sub Total | E37: =SUM(E36:N36) -> 0

Sheet Deposit
D1: Scholars Den Meal Management System
D2: Deposit Money
D3: 45778
D4: Date | E4: Siam | F4: Moynul | G4: Towhid | H4: Shovon | I4: Shawon | J4: Rasel | K4: Maruf | L4: Name8 | M4: Name9 | N4: Name10
D5: 45778 | E5: 0 | F5: 0 | G5: 0 | H5: 0 | I5: 0 | J5: 0 | K5: 0
D6: 45779 | E6: 0 | F6: 0 | G6: 0 | I6: 0 | J6: 0 | K6: 0
D7: 45780 | E7: 0 | F7: 0 | G7: 0 | I7: 0 | J7: 0 | K7: 0
D8: 45781 | E8: 0 | F8: 0 | G8: 0 | I8: 0 | J8: 0 | K8: 0
D9: 45782 | E9: 0 | F9: 0 | G9: 0 | I9: 0 | J9: 0 | K9: 0
D10: 45783 | E10: 0 | F10: 0 | G10: 0 | I10: 0 | J10: 0 | K10: 0
D11: 45784 | E11: 0 | F11: 0 | G11: 0 | I11: 0 | J11: 0 | K11: 0
D12: 45785 | E12: 0 | F12: 0 | G12: 0 | I12: 0 | J12: 0 | K12: 0
D13: 45786
D14: 45787
D15: 45788
D16: 45789
D17: 45790
D18: 45791
D19: 45792
D20: 45793
D21: 45794
D22: 45795
D23: 45796
D24: 45797
... D35: 45808
D36: Total Deposit | E36: =SUM(E5:E35) -> 0 | F36: =SUM(F5:F35) -> 0 | G36: =SUM(G5:G35) -> 0 | H36: =SUM(H5:H35) -> 0 | I36: =SUM(I5:I35) -> 0 | J36: =SUM(J5:J35) -> 0 | K36: =SUM(K5:K35) -> 0 | L36: =SUM(L5:L35) -> 0 | ... N36: =SUM(N5:N35) -> 0
D37: Sub Total | E37: =SUM(E36:N36) -> 0

Sheet Final Report
D1: Scholars Den Meal Management System
D2: Final Report
D3: 45748
D4: Name | E4: Meal | F4: Meal Rate | G4: Total Tk | H4: Deposit | I4: Balance
D5: Siam | E5: =Meal!E36 -> 0 | F5: ='Shopping Expense'!$E$37/Meal!$E$37 -> #DIV/0! | G5: =ROUNDUP(E5*F5,0) -> #DIV/0! | H5: =Deposit!E36 -> 0 | I5: =H5-G5 -> #DIV/0!
D6: Moynul | E6: =Meal!F36 -> 0 | F6: ='Shopping Expense'!$E$37/Meal!$E$37 -> #DIV/0! | G6: =ROUNDUP(E6*F6,0) -> #DIV/0! | H6: =Deposit!F36 -> 0 | I6: =H6-G6 -> #DIV/0!
D7: Towhid | E7: =Meal!G36 -> 0 | F7: ='Shopping Expense'!$E$37/Meal!$E$37 -> #DIV/0! | G7: =ROUNDUP(E7*F7,0) -> #DIV/0! | H7: =Deposit!G36 -> 0 | I7: =H7-G7 -> #DIV/0!
D8: Shovon | E8: =Meal!H36 -> 0 | F8: ='Shopping Expense'!$E$37/Meal!$E$37 -> #DIV/0! | G8: =ROUNDUP(E8*F8,0) -> #DIV/0! | H8: =Deposit!H36 -> 0 | I8: =H8-G8 -> #DIV/0!
D9: Shawon | E9: =Meal!I36 -> 0 | F9: ='Shopping Expense'!$E$37/Meal!$E$37 -> #DIV/0! | G9: =ROUNDUP(E9*F9,0) -> #DIV/0! | H9: =Deposit!I36 -> 0 | I9: =H9-G9 -> #DIV/0!
D10: Rasel | E10: =Meal!J36 -> 0 | F10: ='Shopping Expense'!$E$37/Meal!$E$37 -> #DIV/0! | G10: =ROUNDUP(E10*F10,0) -> #DIV/0! | H10: =Deposit!J36 -> 0 | I10: =H10-G10 -> #DIV/0!
D11: Maruf | E11: =Meal!K36 -> 0 | F11: ='Shopping Expense'!$E$37/Meal!$E$37 -> #DIV/0! | G11: =ROUNDUP(E11*F11,0) -> #DIV/0! | H11: =Deposit!K36 -> 0 | I11: =H11-G11 -> #DIV/0!
D12: Name8 | E12: =Meal!L36 -> 0 | F12: ='Shopping Expense'!$E$37/Meal!$E$37 -> #DIV/0! | G12: =ROUNDUP(E12*F12,0) -> #DIV/0! | H12: =Deposit!L36 -> 0 | I12: =H12-G12 -> #DIV/0!
D13: Name9 | E13: =Meal!M36 -> 0 | F13: ='Shopping Expense'!$E$37/Meal!$E$37 -> #DIV/0! | G13: =ROUNDUP(E13*F13,0) -> #DIV/0! | H13: =Deposit!M36 -> 0 | I13: =H13-G13 -> #DIV/0!
D14: Name10 | E14: =Meal!N36 -> 0 | F14: ='Shopping Expense'!$E$37/Meal!$E$37 -> #DIV/0! | G14: =ROUNDUP(E14*F14,0) -> #DIV/0! | H14: =Deposit!N36 -> 0 | I14: =H14-G14 -> #DIV/0!
